Workbook

Sheet Identificacion
A2: Roles y SCRUM — Equipo 03
A3: Proyecto 4. Plataforma de bienestar laboral y prevencion de burnout
A5: Campo | B5: Valor
A6: Materia | B6: Integracion de Aplicaciones Computacionales
A7: Proyecto | B7: Proyecto 4. Plataforma de bienestar laboral y prevencion de burnout
A8: Equipo | B8: EQUIPO 03
A9: Marco de trabajo | B9: SCRUM con sprints de dos semanas
A10: Periodo | B10: Agosto — diciembre 2026
A11: Archivo de entrega | B11: Avance1_equipo03.zip
A13: Integrante | B13: Matricula | C13: Rol tecnico | D13: Rol SCRUM
A14: Juan Pablo Ramos Salazar | B14: 610248 | C14: Arquitectura, DevOps y seguridad | D14: Scrum Master
A15: Ricardo Arath Sanchez Aguirre | B15: 583928 | C15: Sistema web y base de datos relacional | D15: Development Team
A16: Gerardo Quiroga Ramirez | B16: 650313 | C16: Microservicios y base de datos no relacional | D16: Development Team
A17: Emiliano Pascual Pinales Sanchez | B17: 657657 | C17: Aplicaciones cliente | D17: Product Owner
A19: Version | B19: Fecha | C19: Autor | D19: Cambio | E19: Revisado por
A20: 1.0 | B20: 2026-08-10 | C20: Juan Pablo Ramos Salazar | D20: Version inicial del documento. | E20: —
A21: 2.0 | B21: 2026-09-29 | C21: Equipo 03 | D21: Reestructuracion completa tras la retroalimentacion del primer avance: se corrige la estructura, se alinea el backlog a los doce modulos solicitados y se agrega matriz RACI, definicion de terminado y registro de impedimentos. | E21: Los cuatro integrantes
A23: Este documento se revisa al cierre de cada sprint. Toda fila de este libro fue revisada y validada por el equipo; la columna Revisado por del control de versiones deja constancia de esa revision.

Sheet Roles
A2: Roles y responsabilidades del equipo
A3: La distribucion sigue la asignacion oficial de integrantes del proyecto. Todos conocen la solucion completa.
A5: Integrante | B5: Rol tecnico | C5: Responsabilidades principales | D5: Entregables de los que es responsable
A6: Juan Pablo Ramos Salazar | B6: Integrante 1 — Arquitectura, DevOps y seguridad | C6: Arquitectura general. Docker y contenedores. Redes y firewall. Despliegue en Google Cloud Platform y Compute Engine. Balanceo y cluster. JWT y Redis. Monitoreo y endpoints de salud. Integracion continua. | D6: Diagramas de arquitectura. Arquitectura de hardware. Monorepo y estrategia de ramas. Docker Compose. Estrategia de seguridad. Ambientes developer, staging y production.
A7: Ricardo Arath Sanchez Aguirre | B7: Integrante 2 — Sistema web y base de datos relacional | C7: Flask, Jinja2, HTML5, CSS3, JavaScript y Highcharts. Modelo y operacion de PostgreSQL. Reglas transaccionales. Usuarios, perfiles y permisos. Reportes y tableros del sistema administrativo. | D7: Modelo de PostgreSQL. Sistema web minimo funcional. Tableros por perfil. Graficas de tendencia con Highcharts.
A8: Gerardo Quiroga Ramirez | B8: Integrante 3 — Microservicios y base de datos no relacional | C8: Diseno de APIs REST. Servicios JSON y XML. Documentacion Swagger. MongoDB e integracion con Redis. Procesamiento de eventos. Algoritmos de agregacion y privacidad. Pruebas de carga con Locust. | D8: Analisis de MongoDB y Redis. Mecanismo de privacidad diferencial. Motor de reglas de riesgo. Catalogo de microservicios (analisis).
A9: Emiliano Pascual Pinales Sanchez | B9: Integrante 4 — Aplicaciones cliente | C9: Aplicacion Android con consumo JSON. Aplicacion de escritorio con consumo XML. Manejo de JWT en cliente. Integracion con camara, QR, GPS o perifericos. Pruebas de interfaz y validacion de contratos de API. | D9: Prototipos y wireframes. Analisis de aplicaciones cliente. Pantalla de consentimiento y seccion de transparencia. Validacion de contratos.
A11: Criterio de integracion: ningun integrante desarrolla un componente aislado. Cada entregable tiene un responsable y al menos un revisor, segun la matriz RACI de la hoja correspondiente.

Sheet SCRUM
A2: Marco SCRUM del equipo
A3: Roles, ceremonias y artefactos con su cadencia y su responsable.
A5: Rol SCRUM | B5: Quien lo ejerce | C5: Responsabilidad en este proyecto
A6: Product Owner | B6: Emiliano Pascual Pinales Sanchez | C6: Representa la voz de la persona colaboradora y de la organizacion. Prioriza el Product Backlog, define criterios de aceptacion y acepta o rechaza cada historia al cierre del sprint.
A7: Scrum Master | B7: Juan Pablo Ramos Salazar | C7: Facilita las ceremonias, mantiene el tablero actualizado, registra y da seguimiento a los impedimentos, y cuida que el equipo respete la definicion de terminado.
A8: Development Team | B8: Los cuatro integrantes | C8: Estima, se compromete y construye el incremento de cada sprint. La estimacion es conjunta; nadie estima solo su propia area.
A10: Ceremonia | B10: Cadencia | C10: Duracion | D10: Participantes | E10: Resultado
A11: Sprint Planning | B11: Inicio de cada sprint | C11: 90 min | D11: Todo el equipo | E11: Objetivo del sprint y Sprint Backlog con tareas estimadas.
A12: Daily Scrum | B12: Lunes, miercoles y viernes | C12: 15 min | D12: Development Team | E12: Avance, plan del dia e impedimentos detectados.
A13: Sprint Review | B13: Cierre de cada sprint | C13: 60 min | D13: Todo el equipo | E13: Demostracion del incremento ejecutable y aceptacion de historias.
A14: Sprint Retrospective | B14: Cierre de cada sprint | C14: 45 min | D14: Todo el equipo | E14: Acuerdos de mejora registrados en la hoja de impedimentos.
A15: Refinamiento de backlog | B15: Mitad de cada sprint | C15: 45 min | D15: Todo el equipo | E15: Historias del siguiente sprint desglosadas y estimadas.
A17: Artefacto | B17: Donde vive | C17: Quien lo mantiene | D17: Frecuencia de actualizacion
A18: Product Backlog | B18: Hoja Backlog de este libro | C18: Product Owner | D18: Continua
A19: Sprint Backlog | B19: Hoja SprintActual de este libro | C19: Development Team | D19: Diaria
A20: Incremento | B20: Repositorio monorepo, rama main | C20: Development Team | D20: Por sprint
A21: Definicion de terminado | B21: Hoja DoD de este libro | C21: Todo el equipo | D21: Por retrospectiva
A22: Registro de impedimentos | B22: Hoja Impedimentos de este libro | C22: Scrum Master | D22: Continua
A24: Escala de estimacion: sucesion de Fibonacci (1, 2, 3, 5, 8, 13) en puntos de historia. Una historia de mas de 13 puntos se divide antes de entrar a un sprint.

Sheet Backlog
A2: Product Backlog
A3: Las epicas E0 a E2 cubren analisis e infraestructura; M01 a M16 corresponden a los modulos del sistema.
A5: ID | B5: Epica (modulo) | C5: Historia de usuario | D5: Criterio de aceptacion principal | E5: Prioridad | F5: Puntos | G5: Sprint | H5: Estado
A6: HU-01 | B6: E0 Analisis y alcance | C6: Como equipo, quiero delimitar el problema y el alcance, para construir sobre una base entendida. | D6: El documento cubre contexto, procesos, riesgos y restricciones legales. | E6: Alta | F6: 8 | G6: S1 | H6: Terminado
A7: HU-02 | B7: E0 Analisis y alcance | C7: Como equipo, quiero definir actores y su matriz de permisos, para saber quien accede a que. | D7: Cada perfil declara su granularidad maxima de acceso. | E7: Alta | F7: 5 | G7: S1 | H7: Terminado
A8: HU-03 | B8: E0 Analisis y alcance | C8: Como equipo, quiero requerimientos, historias y reglas de negocio, para derivar el diseno. | D8: Existe matriz de trazabilidad entre requerimiento, historia y regla. | E8: Alta | F8: 8 | G8: S1 | H8: Terminado
A9: HU-04 | B9: E1 Arquitectura | C9: Como equipo, quiero los diagramas de arquitectura, para justificar la distribucion de responsabilidades. | D9: Se entregan contexto, contenedores, componentes, despliegue, red, secuencia, autenticacion y almacenamiento. | E9: Alta | F9: 8 | G9: S2 | H9: Terminado
A10: HU-05 | B10: E1 Arquitectura | C10: Como equipo, quiero el modelo de PostgreSQL, para sostener las operaciones del negocio. | D10: El modelo separa identidad de respuestas mediante seudonimo. | E10: Alta | F10: 8 | G10: S2 | H10: Terminado
A11: HU-06 | B11: E1 Arquitectura | C11: Como equipo, quiero prototipos de interfaz, para validar el flujo antes de programar. | D11: Existen prototipo navegable y wireframes por pantalla. | E11: Media | F11: 5 | G11: S2 | H11: Terminado
A12: HU-07 | B12: E1 Arquitectura | C12: Como equipo, quiero analizar MongoDB y Redis, para justificar su uso futuro. | D12: Se documenta proposito, estructura e integracion sin implementarlos aun. | E12: Media | F12: 5 | G12: S2 | H12: Terminado
A13: HU-08 | B13: M01 Autenticacion y RBAC | C13: Como usuario, quiero iniciar y cerrar sesion, para acceder solo a lo que me corresponde. | D13: El sistema emite un JWT y el menu cambia segun el perfil autenticado. | E13: Alta | F13: 5 | G13: S3 | H13: Terminado
A14: HU-09 | B14: M01 Autenticacion y RBAC | C14: Como administrador, quiero asignar perfiles, para controlar que puede hacer cada persona. | D14: Un usuario tiene un perfil activo y el cambio queda en bitacora. | E14: Alta | F14: 3 | G14: S3 | H14: Terminado
A15: HU-10 | B15: M03 Instrumentos | C15: Como especialista, quiero administrar instrumentos y reactivos, para mantener vigentes las mediciones. | D15: Crear una version nueva no altera las respuestas ya capturadas. | E15: Alta | F15: 5 | G15: S3 | H15: Terminado
A16: HU-11 | B16: M04 Campanias | C16: Como especialista, quiero crear, abrir y cerrar campanias, para organizar cada medicion. | D16: Una campania cerrada deja de aceptar respuestas. | E16: Alta | F16: 5 | G16: S3 | H16: Terminado
A17: HU-12 | B17: M05 Autoreporte | C17: Como sistema, quiero impedir respuestas duplicadas, para que cada persona responda una vez por campania. | D17: La segunda respuesta a la misma campania es rechazada. | E17: Alta | F17: 3 | G17: S3 | H17: Terminado
... A42: HU-37 | B42: M16 Nube y escalabilidad | C42: Como equipo, quiero pruebas de carga con Locust, para conocer el comportamiento bajo demanda. | D42: La prueba simula varios perfiles y no un solo endpoint repetido. | E42: Alta | F42: 8 | G42: S8 | H42: Pendiente
B44: Resumen del backlog
A45: Estado | B45: Historias | C45: Puntos
A46: Terminado | B46: =COUNTIF(H6:H42,A46) -> 17 | C46: =SUMIF(H6:H42,A46,F6:F42) -> 107
A47: En curso | B47: =COUNTIF(H6:H42,A47) -> 7 | C47: =SUMIF(H6:H42,A47,F6:F42) -> 44
A48: Pendiente | B48: =COUNTIF(H6:H42,A48) -> 13 | C48: =SUMIF(H6:H42,A48,F6:F42) -> 102
A49: Total | B49: =COUNTA(A6:A42) -> 37 | C49: =SUM(F6:F42) -> 253

Sheet Sprints
A2: Plan de sprints del semestre
A3: Sprints de dos semanas. Los puntos se calculan desde la hoja Backlog.
A5: Sprint | B5: Periodo | C5: Etapa del curso | D5: Objetivo del sprint | E5: Puntos comprometidos | F5: Puntos terminados | G5: Avance | H5: Estado
A6: S1 | B6: 11 — 24 ago 2026 | C6: Primer parcial | D6: Analisis del problema, alcance, actores y matriz de permisos. | E6: =SUMIF(Backlog!$G$6:$G$42,$A6,Backlog!$F$6:$F$42) -> 21 | F6: =SUMIFS(Backlog!$F$6:$F$42,Backlog!$G$6:$G$42,$A6,Backlog!$H$6:$H$42,"Terminado") -> 21 | G6: =IF($E6=0,"",$F6/$E6) -> 1 | H6: Cerrado
A7: S2 | B7: 25 ago — 7 sep 2026 | C7: Primer parcial | D7: Arquitectura, diseno de datos y prototipos de interfaz. | E7: =SUMIF(Backlog!$G$6:$G$42,$A7,Backlog!$F$6:$F$42) -> 26 | F7: =SUMIFS(Backlog!$F$6:$F$42,Backlog!$G$6:$G$42,$A7,Backlog!$H$6:$H$42,"Terminado") -> 26 | G7: =IF($E7=0,"",$F7/$E7) -> 1 | H7: Cerrado
A8: S3 | B8: 8 — 21 sep 2026 | C8: Primer parcial | D8: Primera version del sistema web y entrega del primer avance. | E8: =SUMIF(Backlog!$G$6:$G$42,$A8,Backlog!$F$6:$F$42) -> 26 | F8: =SUMIFS(Backlog!$F$6:$F$42,Backlog!$G$6:$G$42,$A8,Backlog!$H$6:$H$42,"Terminado") -> 26 | G8: =IF($E8=0,"",$F8/$E8) -> 1 | H8: Cerrado
A9: S4 | B9: 29 sep — 12 oct 2026 | C9: Primer parcial (correccion) | D9: Privacidad diferencial, ciclo completo de negocio y correccion de la retroalimentacion. | E9: =SUMIF(Backlog!$G$6:$G$42,$A9,Backlog!$F$6:$F$42) -> 42 | F9: =SUMIFS(Backlog!$F$6:$F$42,Backlog!$G$6:$G$42,$A9,Backlog!$H$6:$H$42,"Terminado") -> 34 | G9: =IF($E9=0,"",$F9/$E9) -> 0.80952381 | H9: En curso
A10: S5 | B10: 13 — 26 oct 2026 | C10: Segundo parcial | D10: Microservicios REST con respuestas JSON y XML, Swagger y ambientes de despliegue. | E10: =SUMIF(Backlog!$G$6:$G$42,$A10,Backlog!$F$6:$F$42) -> 41 | F10: =SUMIFS(Backlog!$F$6:$F$42,Backlog!$G$6:$G$42,$A10,Backlog!$H$6:$H$42,"Terminado") -> 0 | G10: =IF($E10=0,"",$F10/$E10) -> 0 | H10: Planeado
A11: S6 | B11: 27 oct — 9 nov 2026 | C11: Segundo parcial | D11: Aplicacion Android y aplicacion de escritorio. | E11: =SUMIF(Backlog!$G$6:$G$42,$A11,Backlog!$F$6:$F$42) -> 29 | F11: =SUMIFS(Backlog!$F$6:$F$42,Backlog!$G$6:$G$42,$A11,Backlog!$H$6:$H$42,"Terminado") -> 0 | G11: =IF($E11=0,"",$F11/$E11) -> 0 | H11: Planeado
A12: S7 | B12: 10 — 23 nov 2026 | C12: Tercer parcial | D12: Nube, escalabilidad, monitoreo y pruebas de carga con Locust. | E12: =SUMIF(Backlog!$G$6:$G$42,$A12,Backlog!$F$6:$F$42) -> 34 | F12: =SUMIFS(Backlog!$F$6:$F$42,Backlog!$G$6:$G$42,$A12,Backlog!$H$6:$H$42,"Terminado") -> 0 | G12: =IF($E12=0,"",$F12/$E12) -> 0 | H12: Planeado
A13: S8 | B13: 24 nov — 7 dic 2026 | C13: Entrega final | D13: Estabilizacion, documentacion final y presentacion integral. | E13: =SUMIF(Backlog!$G$6:$G$42,$A13,Backlog!$F$6:$F$42) -> 34 | F13: =SUMIFS(Backlog!$F$6:$F$42,Backlog!$G$6:$G$42,$A13,Backlog!$H$6:$H$42,"Terminado") -> 0 | G13: =IF($E13=0,"",$F13/$E13) -> 0 | H13: Planeado
A15: Las fechas son las planeadas por el equipo y se ajustan al calendario academico. Las columnas de puntos y avance se recalculan solas desde la hoja Backlog: no se capturan a mano.

Sheet SprintActual
A2: Sprint Backlog — S4 (29 sep — 12 oct 2026)
A3: Objetivo: cerrar la retroalimentacion del primer avance, implementar privacidad diferencial real y atender los criterios de rubrica sin trabajo previo.
A5: Tarea | B5: Historia | C5: Responsable | D5: Estimacion (h) | E5: Horas reales | F5: Estado | G5: Nota
A6: Implementar el mecanismo de Laplace con sensibilidad y clipping | B6: HU-14 | C6: Gerardo Quiroga | D6: 10 | E6: 10 | F6: Terminado | G6: Verificado ejecutando la base de datos.
A7: Justificar epsilon con el criterio de utilidad n por epsilon | B7: HU-14 | C7: Gerardo Quiroga | D7: 4 | E7: 4 | F7: Terminado | G7: Con epsilon 0.2 el ruido superaba al dato.
A8: Implementar presupuesto de privacidad y composicion secuencial | B8: HU-15 | C8: Gerardo Quiroga | D8: 8 | E8: 8 | F8: Terminado | G8: Agotado el presupuesto deja de publicar.
A9: Declarar la precision de cada resultado publicado | B9: HU-14 | C9: Gerardo Quiroga | D9: 3 | E9: 3 | F9: Terminado | G9: Precision suficiente, limitada o ruido dominante.
A10: Modelar el motor de reglas de riesgo con explicacion legible | B10: HU-16 | C10: Gerardo Quiroga | D10: 6 | E10: 6 | F10: Terminado | G10: Cada deteccion guarda por que se disparo.
A11: Modelar la bitacora y las garantias estructurales verificables | B11: HU-17 | C11: Ricardo Sanchez | D11: 6 | E11: 6 | F11: Terminado | G11: Seis garantias comprobables por consulta.
A12: Formalizar matriz de minimizacion y fuentes autorizadas | B12: HU-17 | C12: Emiliano Pinales | D12: 5 | E12: 5 | F12: Terminado | G12: Trece datos, cinco fuentes prohibidas.
A13: Modelar intervenciones organizacionales y su evaluacion | B13: HU-18 | C13: Ricardo Sanchez | D13: 8 | E13: 6 | F13: En curso | G13: Sin columna de persona objetivo.
A14: Reestructurar el repositorio como monorepo | B14: HU-25 | C14: Juan Pablo Ramos | D14: 6 | E14: 0 | F14: Pendiente | G14: Estructura vista en clase. Impedimento IMP-02.
A15: Redactar el documento de arquitectura de hardware | B15: HU-25 | C15: Juan Pablo Ramos | D15: 6 | E15: 0 | F15: Pendiente | G15: Criterio de rubrica de diez puntos sin trabajo previo.
A16: Redactar performance, escalabilidad y confiabilidad | B16: HU-25 | C16: Juan Pablo Ramos | D16: 8 | E16: 0 | F16: Pendiente | G16: Criterio de rubrica de veinte puntos sin trabajo previo.
A17: Rehacer el documento de roles y SCRUM | B17: HU-25 | C17: Juan Pablo Ramos | D17: 4 | E17: 4 | F17: Terminado | G17: Impedimento IMP-04 cerrado con este archivo.
... A19: Empaquetar y verificar Avance1_equipo03.zip | B19: HU-25 | C19: Todo el equipo | D19: 3 | E19: 0 | F19: Pendiente | G19: Cada integrante entrega el suyo en Blackboard.
A21: Total de horas | D21: =SUM(D6:D19) -> 89 | E21: =SUM(E6:E19) -> 52
A23: Las tareas de interfaz del ciclo de negocio (pantalla de consentimiento, autoreporte, tendencias y tableros) corresponden al sprint S5 y por eso no aparecen aqui. Las pendientes de este sprint son los criterios de rubrica con mayor peso que aun no tienen trabajo hecho.

Sheet RACI
A2: Matriz RACI de entregables
A3: R responsable de ejecutar · A rinde cuentas · C consultado · I informado. Cada entregable tiene una sola A.
A5: Entregable | B5: Juan Pablo (Arq./DevOps) | C5: Ricardo (Web/PostgreSQL) | D5: Gerardo (Micro/NoSQL) | E5: Emiliano (Clientes)
A6: Documento de analisis del problema | B6: C | C6: C | D6: C | E6: A/R
A7: Requerimientos, historias de usuario y reglas de negocio | B7: C | C7: R | D7: C | E7: A
A8: Matriz de perfiles y permisos | B8: A/R | C8: C | D8: C | E8: I
A9: Diagramas de arquitectura de software | B9: A/R | C9: C | D9: C | E9: I
A10: Arquitectura de hardware | B10: A/R | C10: I | D10: C | E10: I
A11: Performance, escalabilidad y confiabilidad | B11: A/R | C11: C | D11: C | E11: I
A12: Modelo de PostgreSQL | B12: C | C12: A/R | D12: C | E12: I
A13: Mecanismo de privacidad diferencial | B13: C | C13: C | D13: A/R | E13: I
A14: Analisis de MongoDB y Redis | B14: C | C14: I | D14: A/R | E14: I
A15: Sistema web minimo funcional | B15: C | C15: A/R | D15: C | E15: C
A16: Pantalla de consentimiento y transparencia | B16: I | C16: C | D16: C | E16: A/R
... A23: Demostracion tecnica | B23: A | C23: R | D23: R | E23: R
A25: La demostracion tecnica la ejecutan los cuatro integrantes: cada quien presenta la parte de su rol. Esto responde al criterio de que ningun integrante desarrolle un componente aislado.

Sheet DoD
A2: Definicion de terminado
A3: Una historia solo se considera terminada cuando cumple todos los criterios aplicables.
A5: # | B5: Criterio | C5: Aplica a | D5: Como se verifica
A6: 1 | B6: El codigo esta en la rama main del monorepo y la integracion continua pasa. | C6: Toda historia | D6: Revision del pipeline en el repositorio.
A7: 2 | B7: La funcionalidad guarda y consulta informacion real, no datos simulados. | C7: Historias de negocio | D7: Se ejecuta la operacion y se consulta la base de datos.
A8: 3 | B8: Se cumplen los criterios de aceptacion escritos en el backlog. | C8: Toda historia | D8: El Product Owner los verifica en la Sprint Review.
A9: 4 | B9: Ninguna vista expone datos individuales a un perfil sin autorizacion. | C9: Historias con datos de personas | D9: Se revisa la matriz de permisos y se prueba con cada perfil.
A10: 5 | B10: Todo resultado agregado respeta el umbral k y lleva privacidad diferencial. | C10: Historias de agregacion | D10: Se ejecuta la funcion de verificacion de garantias.
A11: 6 | B11: La accion queda registrada en la bitacora de auditoria. | C11: Historias con acceso a datos | D11: Se consulta la bitacora despues de la operacion.
A12: 7 | B12: Existe al menos una prueba que cubre el camino principal. | C12: Toda historia | D12: Se ejecuta la suite de pruebas.
A13: 8 | B13: Otro integrante distinto del autor reviso el cambio. | C13: Toda historia | D13: Revision registrada en el repositorio.
A14: 9 | B14: La documentacion afectada esta actualizada en el mismo sprint. | C14: Toda historia | D14: Revision del reporte tecnico y sus anexos.
A15: 10 | B15: La funcionalidad se ejecuta desde contenedores. | C15: Historias de infraestructura | D15: Se levanta el entorno y se prueba.

Sheet Impedimentos
A2: Registro de impedimentos y acuerdos de mejora
A3: Alimentado en los Daily Scrum y en las retrospectivas. Lo mantiene el Scrum Master.
A5: ID | B5: Fecha | C5: Origen | D5: Impedimento o hallazgo | E5: Accion acordada | F5: Responsable | G5: Estado
A6: IMP-01 | B6: 2026-09-22 | C6: Retroalimentacion | D6: La entrega no identificaba el numero de equipo ni el proyecto asignado. | E6: Incluir equipo y proyecto en la portada de todo documento y en el nombre del archivo. | F6: Emiliano Pinales | G6: Cerrado
A7: IMP-02 | B7: 2026-09-22 | C7: Retroalimentacion | D7: El repositorio no aplica la estructura monorepo vista en clase. | E7: Reestructurar el repositorio antes del cierre del sprint S4. | F7: Juan Pablo Ramos | G7: Abierto
A8: IMP-03 | B8: 2026-09-22 | C8: Retroalimentacion | D8: Los documentos generados con apoyo de IA se entregaron sin evidencia de revision. | E8: Agregar control de versiones con revisor por documento y revisar cada entregable en pareja. | F8: Todo el equipo | G8: Cerrado
A9: IMP-04 | B9: 2026-09-22 | C9: Retroalimentacion | D9: El documento de roles y SCRUM tenia estructura deficiente y contenido incoherente. | E9: Rehacer el documento alineando backlog, sprints y roles a los modulos del sistema. | F9: Juan Pablo Ramos | G9: Cerrado
A10: IMP-05 | B10: 2026-09-22 | C10: Retroalimentacion | D10: Se invirtio esfuerzo en MongoDB, contenedores y pruebas antes de cerrar el negocio. | E10: Reenfocar el sprint al ciclo de negocio y dejar esos temas como analisis. | F10: Todo el equipo | G10: Cerrado
A11: IMP-06 | B11: 2026-09-22 | C11: Retroalimentacion | D11: La privacidad diferencial no estaba implementada: solo habia umbral k. | E11: Implementar mecanismo de Laplace con sensibilidad, clipping y presupuesto epsilon. | F11: Gerardo Quiroga | G11: Cerrado
A12: IMP-07 | B12: 2026-09-29 | C12: Retrospectiva | D12: Con epsilon igual a 0.2 y grupos de ocho personas el ruido supera al dato. | E12: Justificar epsilon con el criterio de utilidad y declarar la precision de cada resultado. | F12: Gerardo Quiroga | G12: Cerrado
A13: IMP-08 | B13: 2026-09-29 | C13: Revision de rubrica | D13: Los criterios de arquitectura de hardware y de performance no tienen trabajo hecho. | E13: Redactar ambos documentos dentro del sprint S4. | F13: Juan Pablo Ramos | G13: Abierto
A14: IMP-09 | B14: 2026-09-29 | C14: Revision de rubrica | D14: La rubrica exige ejecucion en developer, staging y production. | E14: Definir los tres ambientes y documentar el procedimiento de despliegue. | F14: Juan Pablo Ramos | G14: Abierto
A15: IMP-10 | B15: 2026-09-29 | C15: Retrospectiva | D15: El presupuesto de privacidad es por campania y unidad, no por consultante. | E15: Evaluar presupuesto por consultante en el segundo parcial y declararlo como pendiente. | F15: Gerardo Quiroga | G15: Abierto
A17: Cada impedimento cerrado tiene evidencia verificable en el repositorio o en los entregables de este avance.
